{"cameraMode":{"drawMode":0,"name":"Shaded","section":"Shading Mode"},"sceneLighting":true,"audioPlay":false,"sceneViewState":{"showFog":false,"showMaterialUpdate":false,"showSkybox":false,"showFlares":false,"showImageEffects":false,"showParticleSystems":false},"in2DMode":false,"pivot":{"x":-7.133986949920654,"y":-4.1371941566467289,"z":8.789033889770508},"rotation":{"x":0.26452746987342837,"y":-0.28791600465774538,"z":0.08274708688259125,"w":0.916792631149292},"size":18.53598976135254,"orthographic":false}