{"cameraMode":{"drawMode":0,"name":"Shaded","section":"Shading Mode"},"sceneLighting":false,"audioPlay":false,"sceneViewState":{"showFog":false,"showMaterialUpdate":false,"showSkybox":false,"showFlares":false,"showImageEffects":false,"showParticleSystems":false},"in2DMode":false,"pivot":{"x":0.18929436802864076,"y":-0.17378075420856477,"z":0.5645460486412048},"rotation":{"x":-0.1836645007133484,"y":-0.2142559289932251,"z":0.04103436321020126,"w":-0.9585424065589905},"size":1.207764983177185,"orthographic":false}