{"cameraMode":{"drawMode":0,"name":"Shaded","section":"Shading Mode"},"sceneLighting":false,"audioPlay":false,"sceneViewState":{"showFog":true,"showMaterialUpdate":false,"showSkybox":true,"showFlares":true,"showImageEffects":true,"showParticleSystems":true},"in2DMode":false,"pivot":{"x":3.0878641605377199,"y":2.2720391750335695,"z":-2.6606030464172365},"rotation":{"x":-0.19259615242481233,"y":0.6210560202598572,"z":-0.16110441088676454,"w":-0.7424564361572266},"size":0.25213396549224856,"orthographic":false}