{"cameraMode":{"drawMode":0,"name":"Shaded","section":"Shading Mode"},"sceneLighting":false,"audioPlay":false,"sceneViewState":{"showFog":true,"showMaterialUpdate":false,"showSkybox":true,"showFlares":true,"showImageEffects":true,"showParticleSystems":true},"in2DMode":false,"pivot":{"x":-16.222734451293947,"y":-35.5577278137207,"z":-12.686454772949219},"rotation":{"x":0.5031977891921997,"y":-0.3085274398326874,"z":0.19841518998146058,"w":0.7824540138244629},"size":46.816837310791019,"orthographic":false}