{"cameraMode":{"drawMode":0,"name":"Shaded","section":"Shading Mode"},"sceneLighting":false,"audioPlay":false,"sceneViewState":{"showFog":true,"showMaterialUpdate":false,"showSkybox":true,"showFlares":true,"showImageEffects":true,"showParticleSystems":true},"in2DMode":false,"pivot":{"x":4.269980430603027,"y":-0.9149264693260193,"z":-1.0950536727905274},"rotation":{"x":-0.0649145171046257,"y":0.6651433706283569,"z":-0.05822167545557022,"w":-0.7416068911552429},"size":4.0416579246521,"orthographic":false}